{
	"folders": {},
	"connections": {
		"postgres-jdbc-175b8fbb939-71070c9ca901239e": {
			"provider": "postgresql",
			"driver": "postgres-jdbc",
			"name": "postgres",
			"save-password": true,
			"show-system-objects": true,
			"read-only": false,
			"configuration": {
				"host": "localhost",
				"port": "5432",
				"database": "postgres",
				"url": "jdbc:postgresql://localhost:5432/postgres",
				"home": "postgresql-x64-13",
				"type": "dev",
				"provider-properties": {
					"@dbeaver-show-non-default-db@": "false",
					"@dbeaver-show-template-db@": "false",
					"@dbeaver-show-unavailable-db@": "false",
					"postgresql.dd.plain.string": "false",
					"postgresql.dd.tag.string": "false"
				},
				"auth-model": "native",
				"handlers": {}
			}
		},
		"postgres-jdbc-175b8feb74d-5bd71efd910534d4": {
			"provider": "postgresql",
			"driver": "postgres-jdbc",
			"name": "postgres 2",
			"save-password": true,
			"show-system-objects": true,
			"read-only": false,
			"configuration": {
				"host": "localhost",
				"port": "5432",
				"database": "postgres",
				"url": "jdbc:postgresql://localhost:5432/postgres",
				"home": "postgresql-x64-13",
				"type": "dev",
				"properties": {
					"connectTimeout": "20",
					"loginTimeout": "20"
				},
				"provider-properties": {
					"@dbeaver-show-non-default-db@": "false",
					"@dbeaver-show-template-db@": "false",
					"@dbeaver-show-unavailable-db@": "false",
					"postgresql.dd.plain.string": "false",
					"postgresql.dd.tag.string": "false"
				},
				"auth-model": "native",
				"handlers": {}
			}
		},
		"postgres-jdbc-175b900ea7c-5c1644c901dc0c89": {
			"provider": "postgresql",
			"driver": "postgres-jdbc",
			"name": "postgres 3",
			"save-password": true,
			"show-system-objects": true,
			"read-only": false,
			"configuration": {
				"host": "localhost",
				"port": "5432",
				"database": "postgres",
				"url": "jdbc:postgresql://localhost:5432/postgres",
				"home": "postgresql-x64-13",
				"type": "dev",
				"provider-properties": {
					"@dbeaver-show-non-default-db@": "false",
					"@dbeaver-show-template-db@": "false",
					"@dbeaver-show-unavailable-db@": "false",
					"postgresql.dd.plain.string": "false",
					"postgresql.dd.tag.string": "false"
				},
				"auth-model": "native",
				"handlers": {}
			}
		},
		"postgres-jdbc-175b9096a5d-6a5a23282b584fe0": {
			"provider": "postgresql",
			"driver": "postgres-jdbc",
			"name": "postgres 4",
			"save-password": true,
			"show-system-objects": true,
			"read-only": false,
			"configuration": {
				"host": "localhost",
				"port": "5432",
				"database": "postgres",
				"url": "jdbc:postgresql://localhost:5432/postgres",
				"home": "postgresql-x64-13",
				"type": "dev",
				"provider-properties": {
					"@dbeaver-show-non-default-db@": "false",
					"@dbeaver-show-template-db@": "false",
					"@dbeaver-show-unavailable-db@": "false",
					"postgresql.dd.plain.string": "false",
					"postgresql.dd.tag.string": "false"
				},
				"auth-model": "native",
				"handlers": {}
			}
		}
	},
	"connection-types": {
		"dev": {
			"name": "Development",
			"color": "255,255,255",
			"description": "Regular development database",
			"auto-commit": true,
			"confirm-execute": false,
			"confirm-data-change": false
		}
	}
}